{
  "target_names": [
    "lambda_abs",
    "lambda_em",
    "QY",
    "log_eps"
  ],
  "target_mean": {
    "lambda_abs": 561.6839313572542,
    "lambda_em": 596.8117046347212,
    "QY": 0.40711008403361343,
    "log_eps": 4.786446048029557
  },
  "target_std": {
    "lambda_abs": 88.40256057284786,
    "lambda_em": 85.65418751765098,
    "QY": 0.32511067220769646,
    "log_eps": 0.2715404344995213
  },
  "chrom_desc_mean": [
    536.2208862304688,
    6.952230453491211,
    31.0280818939209,
    2.05049729347229,
    0.1752104014158249,
    4.416985511779785,
    3.9211935997009277,
    0.1958046555519104,
    6.066564559936523,
    8.016067504882812
  ],
  "chrom_desc_std": [
    214.85916137695312,
    3.7121741771698,
    29.22154426574707,
    2.4292044639587402,
    0.46686553955078125,
    5.6150312423706055,
    2.2944819927215576,
    0.15695375204086304,
    2.376755714416504,
    3.0742664337158203
  ],
  "solv_desc_mean": [
    81.6998291015625,
    1.1858071088790894,
    10.585525512695312,
    0.6128538846969604,
    0.14766640961170197,
    0.42846211791038513,
    0.1790359616279602,
    0.80119788646698,
    0.36113235354423523,
    1.3190512657165527
  ],
  "solv_desc_std": [
    73.34203338623047,
    1.4994546175003052,
    10.821558952331543,
    0.6356528997421265,
    0.3569183349609375,
    1.286167025566101,
    0.8353800177574158,
    0.30554497241973877,
    1.0251401662826538,
    1.0945919752120972
  ],
  "desc_names": [
    "MolWt",
    "MolLogP",
    "TPSA",
    "NumHAcceptors",
    "NumHDonors",
    "NumRotatableBonds",
    "NumAromaticRings",
    "FractionCSP3",
    "RingCount",
    "NumHeteroatoms"
  ],
  "morgan_bits": 2048,
  "atom_feat_dim": 17,
  "bond_feat_dim": 7,
  "vocab": {
    "[PAD]": 0,
    "[UNK]": 1,
    "[BOS]": 2,
    "[EOS]": 3,
    "[SEP]": 4,
    "C": 5,
    "(": 6,
    ")": 7,
    "N": 8,
    "1": 9,
    "=": 10,
    "O": 11,
    "2": 12,
    "c": 13,
    "3": 14,
    "-": 15,
    "4": 16,
    "5": 17,
    "6": 18,
    "[N+]": 19,
    "[B-]": 20,
    "F": 21,
    "n": 22,
    "s": 23,
    "Cl": 24,
    "I": 25,
    "7": 26,
    "Br": 27,
    "#": 28,
    "B": 29,
    "[nH]": 30,
    "o": 31,
    "S": 32,
    "[O-]": 33,
    "[Se]": 34,
    "[n+]": 35,
    "8": 36,
    "P": 37,
    "9": 38,
    "[N-]": 39,
    "[P+]": 40
  },
  "vocab_size": 41,
  "max_seq_len": 355,
  "pad_id": 0
}